Age;KM;Weight;HP;MetColor;CC;Doors;Price
23.0;46986;1165.0;90;1;2000.0;3;13500
23.0;72937;1165.0;90;1;2000.0;3;13750
24.0;41711;1165.0;90;1;2000.0;3;13950
26.0;48000;1165.0;90;0;2000.0;3;14950
30.0;38500;1170.0;90;0;2000.0;3;13750
32.0;61000;1170.0;90;0;2000.0;3;12950
27.0;94612;1245.0;90;1;2000.0;3;16900
30.0;75889;1245.0;90;1;2000.0;3;18600
27.0;19700;1185.0;192;0;1800.0;3;21500
23.0;71138;1105.0;69;0;1900.0;3;12950
25.0;31461;1185.0;192;0;1800.0;3;20950
22.0;43610;1185.0;192;0;1800.0;3;19950
25.0;32189;1185.0;192;0;1800.0;3;19600
31.0;23000;1185.0;192;1;1800.0;3;21500
32.0;34131;1185.0;192;1;1800.0;3;22500
28.0;18739;1185.0;192;0;1800.0;3;22000
30.0;34000;1185.0;192;1;1800.0;3;22750
24.0;21716;1105.0;110;1;1600.0;3;17950
24.0;25563;1065.0;110;0;1600.0;3;16750
30.0;64359;1105.0;110;1;1600.0;3;16950
30.0;67660;1105.0;110;1;1600.0;3;15950
29.0;43905;1170.0;110;0;1600.0;3;16950
28.0;56349;1120.0;110;1;1600.0;3;15950
28.0;32220;1120.0;110;1;1600.0;3;16950
29.0;25813;1120.0;110;1;1600.0;3;16250
25.0;28450;1120.0;110;1;1600.0;3;15950
27.0;34545;1120.0;110;1;1600.0;3;17495
29.0;41415;1120.0;110;1;1600.0;3;15750
28.0;44142;1120.0;110;0;1600.0;3;16950
30.0;11090;1120.0;110;1;1600.0;3;17950
29.0;9750;1100.0;97;1;1400.0;3;12950
22.0;35199;1100.0;97;1;1400.0;3;15750
27.0;29510;1100.0;97;1;1400.0;3;15950
26.0;32692;1100.0;97;1;1400.0;3;14950
22.0;41000;1100.0;97;1;1400.0;3;15500
26.0;43000;1100.0;97;0;1400.0;3;15750
25.0;25000;1100.0;97;0;1400.0;3;15950
23.0;10000;1100.0;97;1;1400.0;3;14950
61.0;25329;1100.0;97;1;1400.0;3;15750
27.0;27500;1100.0;97;0;1400.0;3;14750
22.0;49059;1100.0;97;0;1400.0;3;13950
27.0;44068;1100.0;97;1;1400.0;3;16750
22.0;46961;1100.0;97;0;1400.0;3;13950
27.0;110404;1255.0;90;0;2000.0;5;16950
22.0;100250;1255.0;90;0;2000.0;5;16950
23.0;84000;1270.0;90;0;2000.0;5;19000
27.0;79375;1255.0;90;1;2000.0;5;17950
22.0;75048;1110.0;97;1;1400.0;5;15800
22.0;72215;1255.0;90;1;2000.0;5;17950
31.0;64982;1195.0;192;1;1800.0;5;21950
22.0;62636;1255.0;90;1;2000.0;5;17950
30.0;57086;1110.0;97;1;1400.0;5;15750
26.0;56000;1180.0;110;1;1600.0;5;20500
27.0;49866;1195.0;192;1;1800.0;5;21950
25.0;49163;1165.0;110;0;1600.0;5;15500
32.0;45725;1075.0;110;1;1600.0;5;13250
28.0;43210;1110.0;97;0;1400.0;5;15250
26.0;43000;1110.0;97;0;1400.0;5;15250
23.0;39704;1180.0;110;1;1600.0;5;18950
30.0;38950;1130.0;110;1;1600.0;5;15999
22.0;37400;1110.0;97;1;1400.0;5;14950
27.0;37177;1130.0;110;0;1600.0;5;16500
31.0;36544;1130.0;110;1;1600.0;5;18750
30.0;33511;1130.0;110;1;1600.0;5;17950
27.0;32809;1110.0;97;1;1400.0;5;17950
26.0;32181;1075.0;110;1;1600.0;5;16950
28.0;30993;1130.0;110;1;1600.0;5;18950
22.0;30400;1110.0;97;1;1400.0;5;14950
22.0;30000;1275.0;110;1;2000.0;5;22250
25.0;29719;1110.0;97;1;1400.0;5;15950
28.0;29206;1110.0;97;1;1400.0;5;15950
32.0;29198;1060.0;97;1;1400.0;5;12995
28.0;28817;1130.0;110;1;1598.0;5;18950
61.0;28227;1110.0;97;1;1400.0;5;15750
28.0;28000;1130.0;110;0;1600.0;5;19950
23.0;28000;1115.0;110;1;1600.0;5;16950
31.0;25266;1130.0;110;1;1600.0;5;18750
27.0;23489;1115.0;110;0;1600.0;5;18450
29.0;22575;1115.0;110;1;1600.0;5;16895
30.0;22000;1110.0;97;1;1400.0;5;14900
25.0;20019;1180.0;110;1;1600.0;5;18950
29.0;20000;1115.0;110;1;1600.0;5;17250
25.0;17003;1110.0;97;1;1400.0;5;15450
31.0;16238;1180.0;110;1;1600.0;5;17950
25.0;15414;1110.0;97;1;1400.0;5;16650
28.0;8537;1130.0;110;1;1600.0;5;17450
30.0;7000;1100.0;97;1;1400.0;5;14900
20.0;66966;1245.0;90;1;2000.0;3;17950
19.0;51884;1100.0;97;1;1400.0;3;15950
19.0;50005;1265.0;110;1;2000.0;3;21950
20.0;48110;1100.0;97;1;1400.0;3;16450
20.0;37500;1260.0;90;1;2000.0;3;22250
16.0;34472;1260.0;90;1;1995.0;3;19950
20.0;33329;1100.0;97;1;1400.0;3;15950
20.0;31850;1120.0;110;0;1600.0;3;18900
17.0;30351;1260.0;90;1;1995.0;3;19950
19.0;29435;1100.0;97;1;1400.0;3;15950
19.0;25948;1100.0;97;1;1400.0;3;15950
11.0;24500;1120.0;110;1;1600.0;3;18750
18.0;23902;1100.0;97;1;1400.0;3;17450
20.0;23175;1120.0;110;1;1600.0;3;18990
19.0;19200;1100.0;97;1;1400.0;3;16250
13.0;18000;1125.0;71;0;1400.0;3;18500
11.0;16123;1105.0;110;1;1600.0;3;18500
11.0;14635;1155.0;110;1;1600.0;3;19450
19.0;13748;1100.0;97;1;1400.0;3;16950
14.0;11500;1045.0;110;1;1600.0;3;18800
17.0;10000;1100.0;97;1;1400.0;3;17450
20.0;7187;1105.0;110;1;1600.0;3;17950
4.0;1;1320.0;116;0;2000.0;5;32500
4.0;4000;1320.0;116;1;2000.0;5;31000
4.0;1500;1320.0;116;1;2000.0;5;31275
8.0;13253;1320.0;116;1;2000.0;5;24950
7.0;10000;1270.0;116;1;2000.0;5;22950
8.0;6000;1280.0;90;1;2000.0;5;24990
8.0;10841;1270.0;90;1;2000.0;5;21950
7.0;1;1105.0;110;1;1600.0;3;17900
20.0;63000;1255.0;90;1;2000.0;5;19250
17.0;57313;1275.0;110;1;2000.0;5;22250
13.0;57037;1115.0;110;0;1600.0;5;18950
19.0;51099;1255.0;90;1;2000.0;5;19950
14.0;40010;1115.0;110;1;1600.0;5;16350
20.0;39115;1130.0;110;1;1600.0;5;18950
17.0;36012;1130.0;110;0;1600.0;5;16950
16.0;36000;1130.0;110;1;1600.0;5;21750
20.0;36000;1075.0;110;1;1600.0;5;15950
20.0;35000;1110.0;97;1;1400.0;5;16500
17.0;33740;1135.0;97;1;1400.0;5;17950
13.0;33477;1075.0;110;1;1600.0;5;15850
20.0;32627;1110.0;97;1;1400.0;5;16250
20.0;29797;1110.0;97;1;1400.0;5;15950
19.0;29441;1110.0;97;1;1400.0;5;16250
13.0;29371;1105.0;110;1;1600.0;4;15950
20.0;29000;1110.0;97;0;1400.0;5;16500
19.0;27821;1110.0;97;0;1400.0;5;16500
19.0;27371;1135.0;97;0;1400.0;5;18450
13.0;25170;1105.0;110;1;1600.0;5;16250
11.0;25000;1320.0;116;1;2000.0;5;23000
20.0;23000;1130.0;110;1;1600.0;5;19900
20.0;22588;1110.0;97;1;1400.0;5;16450
19.0;21684;1185.0;192;1;1800.0;5;23950
13.0;21428;1130.0;110;1;1600.0;5;19950
16.0;20629;1090.0;110;1;1600.0;4;18500
15.0;20270;1130.0;110;1;1600.0;5;18950
16.0;20105;1110.0;97;0;1400.0;5;16450
20.0;20000;1165.0;110;0;1600.0;5;20500
13.0;19988;1130.0;110;1;1600.0;5;24500
19.0;18328;1130.0;110;0;1600.0;5;19450
14.0;17896;1150.0;110;1;1600.0;4;20950
20.0;17300;1110.0;97;1;1400.0;5;17200
19.0;17038;1130.0;110;0;1600.0;5;19950
10.0;13747;1110.0;97;1;1400.0;5;18450
12.0;13634;1115.0;110;1;1600.0;5;19500
13.0;13178;1130.0;110;1;1600.0;5;21750
15.0;13157;1085.0;97;1;1400.0;4;16868
16.0;13000;1105.0;110;1;1600.0;4;19500
11.0;12500;1115.0;110;1;1600.0;5;18900
17.0;11999;1130.0;110;1;1600.0;5;19750
16.0;11754;1180.0;110;0;1600.0;5;19750
16.0;11000;1105.0;110;1;1600.0;4;18950
17.0;10000;1105.0;110;0;1598.0;5;20750
9.0;7650;1115.0;110;1;1600.0;5;19600
14.0;6500;1100.0;110;1;1600.0;4;19500
11.0;6155;1110.0;97;1;1400.0;5;17650
14.0;6000;1130.0;110;0;1600.0;5;19950
14.0;5459;1130.0;110;1;1600.0;5;19950
14.0;5278;1150.0;110;1;1600.0;4;20950
12.0;5000;1130.0;110;1;1600.0;5;20500
9.0;1;1065.0;98;1;1400.0;4;17795
9.0;1;1075.0;110;1;1600.0;5;18245
8.0;11000;1130.0;110;1;1600.0;5;23750
8.0;10077;1110.0;97;1;1400.0;5;19500
8.0;10000;1110.0;97;1;1400.0;5;18950
8.0;9788;1130.0;110;1;1600.0;5;21950
8.0;8574;1130.0;110;1;1600.0;5;19950
8.0;7000;1115.0;110;0;1600.0;5;18950
7.0;6250;1115.0;110;1;1600.0;5;19950
8.0;5000;1130.0;110;1;1600.0;5;21950
6.0;3000;1130.0;110;0;1600.0;5;22500
7.0;2000;1075.0;110;0;1600.0;5;18500
7.0;450;1110.0;97;1;1400.0;5;18700
2.0;225;1110.0;97;1;1400.0;5;21125
2.0;15;1130.0;110;1;1600.0;5;21500
1.0;1;1100.0;98;1;1400.0;4;17795
1.0;1;1075.0;110;1;1600.0;5;18245
43.0;243000;1110.0;69;0;1900.0;3;6950
38.0;180638;1160.0;90;0;2000.0;4;9500
40.0;179860;1205.0;90;1;2000.0;5;11950
43.0;178858;1084.0;110;0;1600.0;3;7750
40.0;161000;1105.0;69;1;1900.0;3;11950
44.0;158320;1110.0;69;0;1800.0;5;4350
44.0;131273;1110.0;69;1;1800.0;5;4750
40.0;130062;1140.0;69;1;1900.0;5;11750
41.0;123425;1140.0;69;1;1900.0;5;13250
37.0;118217;1075.0;110;1;1600.0;5;11950
44.0;110000;1095.0;69;1;1900.0;5;11900
39.0;108847;1205.0;90;1;2000.0;5;14750
42.0;105699;1025.0;97;1;1400.0;3;9950
39.0;98823;1119.0;110;1;1600.0;5;11950
44.0;96829;1075.0;110;1;1600.0;5;11495
40.0;96518;1025.0;97;1;1400.0;3;11250
42.0;92204;1075.0;110;1;1600.0;5;10500
35.0;91456;1110.0;69;1;1900.0;3;10450
43.0;89968;1140.0;69;1;1900.0;5;12950
44.0;89757;1045.0;110;1;1600.0;3;11500
40.0;85389;1075.0;110;1;1600.0;5;12500
43.0;85017;1060.0;97;0;1400.0;5;10950
41.0;84312;1080.0;110;0;1600.0;5;11450
37.0;82743;1121.0;110;1;1600.0;5;11950
41.0;81106;1140.0;69;1;1900.0;5;13250
40.0;80425;1205.0;90;1;2000.0;5;14750
34.0;78677;1105.0;110;1;1600.0;5;11790
40.0;78425;1075.0;110;1;1600.0;5;11450
33.0;78108;1170.0;90;1;2000.0;3;13500
33.0;77321;1075.0;110;1;1600.0;5;10950
33.0;75699;1105.0;69;0;1900.0;3;13500
41.0;75697;1025.0;97;1;1400.0;3;10950
44.0;74846;1025.0;97;1;1400.0;3;10950
38.0;74319;1075.0;110;1;1600.0;5;12950
43.0;74285;1075.0;110;1;1600.0;5;11950
44.0;74172;1320.0;110;1;1600.0;5;12450
40.0;73042;1075.0;110;1;1598.0;5;11950
44.0;71793;1067.0;110;1;1600.0;4;14950
35.0;71200;1075.0;110;1;1600.0;5;12450
38.0;67805;1075.0;110;1;1600.0;5;12950
35.0;65988;1040.0;110;1;1600.0;3;11950
34.0;65345;1060.0;97;1;1400.0;5;11690
42.0;64564;1080.0;110;1;1600.0;5;12450
36.0;63459;1060.0;97;1;1400.0;5;12750
44.0;63451;1025.0;97;0;1400.0;3;11925
33.0;62000;1075.0;110;1;1600.0;5;12950
42.0;61300;1030.0;97;1;1400.0;3;11950
41.0;61200;1045.0;110;1;1600.0;3;12900
41.0;61000;1075.0;110;0;1600.0;5;11900
38.0;60829;1075.0;110;1;1600.0;5;11650
44.0;60500;1075.0;110;0;1600.0;5;10950
35.0;59500;1110.0;69;1;1900.0;3;13950
44.0;59000;1110.0;110;0;1600.0;5;13950
40.0;58954;1080.0;110;1;1600.0;5;11950
38.0;58798;1075.0;110;1;1600.0;5;10950
38.0;58363;1055.0;110;1;1600.0;3;12450
43.0;58277;1045.0;110;1;1600.0;3;11950
33.0;57711;1165.0;90;1;2000.0;3;13500
33.0;57269;1075.0;110;1;1600.0;5;11690
39.0;56001;1075.0;110;1;1600.0;5;13500
42.0;55968;1050.0;110;0;1600.0;3;11950
39.0;55678;1030.0;110;1;1600.0;4;12900
43.0;55539;1085.0;110;1;1600.0;5;13500
42.0;55400;1075.0;110;0;1600.0;5;11750
33.0;55350;1075.0;110;0;1600.0;5;11750
43.0;54600;1030.0;110;0;1600.0;4;10850
43.0;53773;1075.0;110;1;1600.0;5;11750
42.0;53719;1105.0;110;1;1600.0;5;14950
39.0;53644;1075.0;110;1;1600.0;5;9940
42.0;53350;1075.0;110;0;1600.0;5;12900
38.0;53000;1075.0;110;1;1600.0;5;13500
44.0;52084;1025.0;97;1;1400.0;3;11750
44.0;52000;1025.0;97;0;1400.0;3;11950
33.0;51945;1075.0;110;1;1600.0;5;13450
41.0;51732;1025.0;97;1;1400.0;3;11950
39.0;50873;1075.0;110;1;1600.0;5;12495
41.0;50856;1030.0;110;0;1600.0;4;13500
40.0;50640;1075.0;110;1;1600.0;5;12750
39.0;50000;1060.0;97;1;1400.0;5;12000
38.0;49500;1075.0;110;1;1600.0;5;11950
44.0;49332;1080.0;110;1;1600.0;5;12495
34.0;49291;1040.0;110;1;1600.0;3;12450
40.0;48952;1205.0;90;1;2000.0;5;14750
39.0;48945;1040.0;110;0;1600.0;3;10950
33.0;48928;1105.0;69;1;1900.0;3;13500
38.0;48197;1075.0;110;1;1600.0;5;12950
35.0;48052;1105.0;69;1;1900.0;3;13500
34.0;48011;1030.0;110;1;1600.0;4;13450
43.0;48000;1075.0;110;1;1600.0;5;13500
41.0;47350;1075.0;110;1;1600.0;5;11480
39.0;46821;1060.0;97;1;1400.0;5;13450
39.0;46694;1040.0;110;0;1600.0;3;11495
43.0;46515;1025.0;97;0;1400.0;5;12750
38.0;46327;1055.0;110;1;1600.0;3;14990
35.0;46304;1060.0;97;1;1400.0;5;12950
40.0;45886;1080.0;110;1;1600.0;5;12950
39.0;45713;1085.0;97;1;1400.0;5;12850
40.0;45600;1105.0;110;1;1600.0;5;13950
41.0;45287;1075.0;110;1;1600.0;5;11950
39.0;45081;1075.0;110;1;1600.0;5;12950
40.0;44830;1075.0;110;1;1600.0;5;11700
37.0;44757;1025.0;97;0;1400.0;3;9950
44.0;44218;1060.0;97;1;1400.0;5;11895
43.0;43632;1075.0;110;1;1600.0;5;12950
36.0;43427;1040.0;110;1;1600.0;3;12500
39.0;43254;1075.0;110;1;1600.0;5;13875
35.0;43000;1050.0;110;0;1600.0;3;10500
33.0;42823;1075.0;110;1;1600.0;5;12295
42.0;42560;1080.0;110;1;1600.0;5;13950
38.0;41754;1040.0;110;0;1600.0;3;10950
44.0;41499;1103.0;110;1;1600.0;5;12950
40.0;41339;1080.0;110;1;1600.0;5;12850
35.0;41000;1075.0;110;1;1600.0;5;13995
39.0;40000;1055.0;110;1;1600.0;3;13750
37.0;39757;1075.0;110;1;1600.0;5;12750
41.0;39659;1045.0;110;1;1600.0;3;12500
43.0;39650;1055.0;110;0;1600.0;3;13950
39.0;39524;1025.0;97;1;1398.0;3;11500
44.0;39516;1060.0;97;1;1400.0;5;13950
41.0;39439;1060.0;97;0;1400.0;5;11895
44.0;39000;1025.0;97;1;1400.0;3;9950
42.0;38932;1040.0;110;1;1600.0;3;13500
37.0;38812;1025.0;97;0;1400.0;3;11450
42.0;38665;1075.0;110;1;1600.0;5;12450
40.0;38653;1080.0;110;1;1600.0;5;12950
44.0;38461;1080.0;110;1;1600.0;5;13995
42.0;38078;1025.0;97;0;1400.0;3;11750
39.0;37782;1060.0;97;1;1400.0;5;11650
43.0;37576;1030.0;97;0;1400.0;3;9950
41.0;37533;1075.0;110;1;1600.0;5;13950
44.0;37389;1080.0;110;1;1600.0;5;12950
38.0;37320;1025.0;97;1;1400.0;3;10950
42.0;37000;1025.0;97;1;1400.0;3;9900
44.0;37000;1075.0;110;0;1600.0;4;11950
40.0;36566;1090.0;110;0;1600.0;5;11990
36.0;36269;1075.0;110;1;1600.0;5;10750
37.0;36074;1075.0;110;1;1600.0;5;13950
44.0;36066;1040.0;110;1;1600.0;3;11250
39.0;34599;1075.0;110;1;1600.0;5;12950
41.0;34000;1075.0;110;1;1600.0;5;11950
42.0;33623;1025.0;97;1;1400.0;3;10950
33.0;33591;1075.0;110;1;1600.0;5;12950
35.0;33258;1075.0;110;1;1600.0;5;12950
43.0;33113;1075.0;110;1;1600.0;5;11695
41.0;33000;1075.0;110;1;1600.0;5;11000
35.0;32941;1080.0;110;1;1600.0;5;13950
38.0;32781;1075.0;110;0;1600.0;5;11950
40.0;32532;1040.0;110;1;1600.0;3;11750
34.0;32431;1060.0;97;1;1400.0;5;12400
35.0;32000;1040.0;110;0;1600.0;3;12500
33.0;31000;1075.0;110;1;1600.0;5;12900
41.0;30989;1045.0;110;0;1600.0;3;12200
43.0;30742;1040.0;110;1;1600.0;3;12750
42.0;30190;1075.0;110;1;1600.0;5;11950
41.0;29716;1075.0;116;1;1600.0;5;11900
44.0;29716;1070.0;110;1;1600.0;3;11950
42.0;29640;1055.0;110;0;1600.0;3;14950
41.0;29056;1060.0;97;1;1400.0;5;11950
33.0;28715;1075.0;110;1;1600.0;5;12950
41.0;28571;1090.0;110;0;1600.0;5;14950
40.0;28362;1040.0;110;1;1600.0;3;13450
38.0;28150;1075.0;110;1;1600.0;5;13750
43.0;27301;1040.0;110;1;1600.0;3;12950
33.0;27240;1075.0;110;1;1600.0;5;12750
39.0;27170;1060.0;97;1;1400.0;5;11895
42.0;27141;1060.0;97;1;1400.0;5;9950
38.0;26262;1075.0;110;1;1600.0;5;12450
38.0;26000;1060.0;97;1;1400.0;5;12500
43.0;25228;1045.0;110;1;1600.0;3;14950
39.0;25062;1080.0;110;1;1600.0;5;13750
39.0;24723;1060.0;110;1;1600.0;4;12695
33.0;24650;1055.0;110;1;1600.0;3;14990
43.0;24553;1080.0;110;1;1600.0;5;12750
41.0;24475;1030.0;110;1;1600.0;5;14350
39.0;24444;1040.0;110;1;1600.0;3;12950
35.0;24011;1025.0;97;0;1400.0;3;11500
41.0;24000;1025.0;97;1;1400.0;3;11950
40.0;23616;1075.0;110;1;1600.0;5;13450
38.0;22865;1075.0;110;1;1600.0;5;12900
41.0;22780;1035.0;86;1;1300.0;5;10500
35.0;21904;1025.0;97;0;1400.0;3;10950
41.0;21651;1025.0;97;0;1400.0;3;11950
37.0;21500;1030.0;110;1;1600.0;5;11450
44.0;21027;1080.0;110;1;1600.0;5;13250
39.0;18500;1030.0;110;0;1600.0;4;10250
35.0;18000;1075.0;110;1;1600.0;5;13995
40.0;17051;1060.0;97;0;1400.0;5;11950
33.0;16512;1085.0;97;1;1400.0;5;13250
40.0;16325;1080.0;110;1;1600.0;5;12950
38.0;16000;1060.0;97;1;1400.0;5;11750
39.0;12000;1075.0;110;1;1600.0;5;11500
43.0;10000;1060.0;97;1;1400.0;5;13500
53.0;216000;1110.0;69;0;1900.0;3;6500
51.0;198167;1095.0;69;0;1900.0;4;6400
53.0;176000;1105.0;69;0;1900.0;3;7000
54.0;174139;1100.0;72;1;2000.0;4;7750
45.0;174000;1095.0;69;1;1900.0;5;8900
55.0;150000;1075.0;110;1;1600.0;3;8500
54.0;149329;1135.0;72;1;2000.0;5;8950
51.0;146736;1080.0;110;1;1600.0;5;9900
53.0;143513;1140.0;69;0;1900.0;5;10250
48.0;142130;1119.0;110;0;1600.0;5;9250
48.0;140700;1110.0;69;1;1900.0;5;7750
54.0;138394;1095.0;69;1;1900.0;4;9450
55.0;137000;1135.0;72;1;2000.0;5;7750
52.0;135258;1140.0;69;1;1900.0;5;8250
49.0;131364;1075.0;110;1;1600.0;5;9950
56.0;129155;1110.0;69;0;1800.0;5;4450
50.0;126110;1055.0;110;0;1600.0;3;9950
48.0;119742;1080.0;110;1;1600.0;5;9000
53.0;117913;1110.0;69;1;1900.0;5;9950
47.0;117430;1165.0;90;1;2000.0;3;12450
55.0;117175;1035.0;110;1;1600.0;4;10500
54.0;115558;1035.0;110;1;1600.0;4;10750
53.0;115113;1025.0;97;1;1400.0;3;8950
54.0;115046;1140.0;69;1;1900.0;5;10500
56.0;113997;1135.0;72;1;2000.0;5;5150
49.0;107859;1060.0;97;0;1400.0;5;10950
52.0;104805;1025.0;97;1;1400.0;3;9450
54.0;103454;1075.0;110;1;1600.0;5;9950
51.0;103018;1140.0;69;0;1900.0;5;10950
47.0;102352;1080.0;110;1;1600.0;5;11900
50.0;102030;1060.0;97;1;1400.0;5;9950
54.0;101352;1080.0;110;0;1600.0;5;11950
50.0;99865;1035.0;110;1;1600.0;4;7900
52.0;99323;1055.0;110;1;1600.0;3;10950
48.0;98100;1140.0;69;1;1900.0;5;8950
51.0;98040;1080.0;110;0;1600.0;5;11950
49.0;97600;1045.0;110;1;1600.0;3;10900
55.0;97234;1080.0;110;0;1600.0;5;9950
51.0;96135;1115.0;72;0;2000.0;3;9950
54.0;96100;1080.0;110;1;1600.0;5;10950
55.0;94401;1115.0;72;0;2000.0;3;8950
55.0;94122;1015.0;86;1;1300.0;3;8950
49.0;91340;1055.0;110;1;1600.0;3;10500
53.0;90200;1025.0;97;0;1400.0;3;8950
53.0;90097;1140.0;69;1;1900.0;5;9250
48.0;89049;1060.0;97;1;1400.0;5;11500
52.0;89000;1075.0;110;0;1600.0;5;9750
45.0;87274;1040.0;110;1;1600.0;3;9950
49.0;86221;1045.0;110;0;1600.0;3;11450
54.0;84598;1075.0;110;0;1600.0;5;12500
50.0;83567;1075.0;110;0;1600.0;5;10500
50.0;83106;1075.0;110;1;1600.0;5;12950
50.0;82805;1040.0;110;1;1600.0;3;12200
50.0;82735;1030.0;97;1;1400.0;3;10950
54.0;81905;1105.0;110;1;1600.0;5;10950
49.0;80320;1070.0;110;1;1600.0;3;11290
49.0;80090;1030.0;97;1;1400.0;3;10750
53.0;79800;1075.0;110;0;1600.0;5;10895
47.0;78785;1119.0;110;1;1600.0;5;11500
48.0;78600;1075.0;110;1;1600.0;5;9750
55.0;77780;1040.0;110;0;1600.0;3;10250
49.0;77648;1030.0;110;0;1600.0;4;12500
54.0;77270;1035.0;110;1;1600.0;4;11950
50.0;76167;1060.0;97;1;1400.0;5;10750
46.0;75249;1035.0;110;1;1600.0;4;11450
54.0;75231;1080.0;110;1;1600.0;5;11950
48.0;75045;1055.0;110;1;1600.0;3;11750
50.0;74849;1060.0;110;1;1600.0;4;10950
55.0;74715;1080.0;110;1;1600.0;5;11950
49.0;74656;1105.0;69;0;1900.0;3;10995
56.0;74500;1025.0;97;0;1400.0;3;11450
49.0;74494;1075.0;110;1;1600.0;5;8900
50.0;73634;1075.0;110;0;1587.0;5;10500
47.0;73403;1075.0;110;1;1600.0;5;11750
49.0;73175;1030.0;97;1;1400.0;3;11450
52.0;73000;1055.0;110;0;1600.0;3;12000
50.0;72242;1070.0;110;0;1600.0;3;11950
53.0;72000;1025.0;97;1;1400.0;3;9850
54.0;71725;1035.0;110;1;1600.0;4;10950
54.0;71276;1080.0;110;0;1600.0;5;10950
50.0;70440;1105.0;69;1;1900.0;3;8695
53.0;70239;1040.0;110;0;1600.0;3;10990
55.0;69813;1025.0;97;1;1400.0;3;9500
49.0;69659;1025.0;86;0;1300.0;3;11950
46.0;69574;1065.0;97;0;1400.0;5;10750
47.0;69000;1140.0;69;1;1900.0;5;8750
49.0;68565;1030.0;110;1;1600.0;4;8750
55.0;68520;1115.0;72;1;2000.0;3;11450
46.0;68414;1025.0;97;0;1400.0;3;9950
56.0;66777;1090.0;110;0;1600.0;5;11950
52.0;66527;1080.0;110;1;1600.0;5;13950
54.0;66063;1090.0;110;1;1600.0;5;11250
50.0;65471;1060.0;97;1;1400.0;5;10900
56.0;65400;1025.0;97;1;1400.0;3;9750
52.0;65170;1025.0;97;1;1400.0;3;9950
56.0;65000;1075.0;110;1;1600.0;5;11950
48.0;64193;1040.0;110;1;1600.0;3;10450
54.0;64000;1025.0;97;1;1400.0;3;8950
54.0;63792;1075.0;110;1;1600.0;5;10250
53.0;63635;1035.0;110;1;1600.0;4;9930
54.0;63135;1050.0;110;1;1600.0;3;10500
54.0;63123;1035.0;110;1;1600.0;4;11950
48.0;63000;1140.0;69;1;1900.0;5;11500
55.0;63000;1035.0;110;0;1600.0;4;11500
54.0;62987;1080.0;110;0;1600.0;5;11450
56.0;62751;1050.0;110;0;1600.0;3;9900
54.0;62519;1025.0;97;0;1400.0;3;9500
50.0;62280;1060.0;97;1;1400.0;5;10500
50.0;61672;1075.0;110;0;1600.0;5;10750
54.0;61000;1140.0;69;0;2000.0;5;8950
56.0;61000;1050.0;110;1;1600.0;3;12000
53.0;60558;1105.0;110;1;1600.0;4;9940
47.0;60348;1030.0;110;0;1600.0;4;10950
54.0;60239;1075.0;110;1;1600.0;5;10750
51.0;59000;1025.0;97;1;1400.0;3;9799
51.0;58761;1060.0;97;0;1300.0;5;11750
54.0;58745;1035.0;110;1;1600.0;4;11950
52.0;58596;1045.0;110;1;1600.0;3;11250
54.0;58530;1075.0;110;0;1600.0;5;11750
55.0;58377;1050.0;110;1;1600.0;3;10950
56.0;58142;1080.0;110;1;1600.0;5;11250
53.0;57948;1025.0;97;1;1400.0;3;9950
51.0;57645;1080.0;110;0;1600.0;5;9700
47.0;57500;1105.0;110;1;1600.0;4;11950
53.0;57475;1040.0;110;0;1600.0;3;9900
55.0;56743;1045.0;110;0;1600.0;3;9990
48.0;56675;1025.0;97;1;1400.0;3;9475
54.0;55877;1075.0;110;1;1600.0;5;11500
53.0;55500;1035.0;110;1;1600.0;4;11950
55.0;54900;1060.0;97;1;1400.0;5;11500
50.0;54465;1075.0;110;0;1600.0;5;10500
46.0;53700;1060.0;97;1;1400.0;5;10900
52.0;53561;1060.0;97;1;1400.0;5;11700
51.0;53408;1080.0;110;1;1600.0;5;11900
51.0;53268;1080.0;110;1;1600.0;5;13950
49.0;53116;1025.0;97;1;1400.0;3;10950
56.0;52448;1025.0;97;0;1400.0;3;10500
55.0;52149;1085.0;97;1;1400.0;3;10750
55.0;52141;1070.0;110;1;1600.0;5;11950
56.0;52000;1025.0;97;0;1400.0;3;10000
48.0;50967;1060.0;97;1;1400.0;5;10495
50.0;50400;1080.0;110;0;1600.0;5;11450
54.0;50000;1025.0;97;1;1400.0;3;9400
51.0;50000;1045.0;86;1;1300.0;5;11950
53.0;49969;1075.0;110;0;1600.0;5;9650
49.0;49568;1105.0;110;1;1600.0;3;18950
51.0;49473;1055.0;110;0;1600.0;3;11450
52.0;49432;1050.0;110;1;1600.0;3;10250
48.0;49417;1045.0;110;1;1600.0;3;11450
54.0;49366;1025.0;97;1;1400.0;3;9950
56.0;48731;1055.0;110;1;1600.0;3;10500
54.0;48370;1080.0;110;1;1600.0;5;13750
48.0;48071;1025.0;97;0;1400.0;3;9950
54.0;47852;1030.0;110;1;1600.0;4;10250
54.0;47768;1055.0;110;0;1600.0;3;10850
52.0;47689;1075.0;110;0;1600.0;5;11895
53.0;47451;1055.0;110;1;1600.0;3;12950
50.0;47219;1080.0;110;1;1600.0;5;11950
56.0;47211;1070.0;110;1;1600.0;5;10750
54.0;46856;1060.0;97;0;1400.0;5;9550
56.0;46500;1035.0;86;0;1300.0;5;10950
52.0;46449;1035.0;110;1;1600.0;4;11750
47.0;46391;1075.0;110;0;1600.0;5;10950
54.0;46230;1055.0;110;1;1600.0;3;12450
52.0;46029;1030.0;110;1;1600.0;4;10500
50.0;46000;1025.0;97;0;1400.0;3;10900
50.0;45900;1075.0;110;1;1600.0;5;12950
47.0;45850;1060.0;97;0;1400.0;5;10950
56.0;45336;1080.0;110;1;1600.0;5;12500
55.0;44537;1025.0;97;0;1400.0;3;9950
56.0;43700;1025.0;86;1;1300.0;3;10750
48.0;43120;1030.0;97;1;1400.0;3;12500
49.0;41710;1040.0;110;0;1600.0;3;10450
52.0;41700;1025.0;97;1;1400.0;3;10750
49.0;41636;1105.0;110;1;1600.0;5;12950
50.0;41273;1060.0;97;0;1400.0;5;10995
49.0;40836;1075.0;110;0;1600.0;3;11950
50.0;40400;1060.0;97;1;1400.0;5;11250
47.0;40361;1090.0;110;1;1600.0;5;11950
54.0;40325;1045.0;86;0;1300.0;5;13750
47.0;40000;1080.0;110;0;1600.0;5;11000
50.0;39706;1080.0;110;1;1600.0;5;13500
54.0;39291;1040.0;110;1;1600.0;3;10950
54.0;39000;1025.0;97;0;1400.0;3;10750
47.0;38900;1025.0;97;1;1400.0;3;8950
51.0;38403;1055.0;110;0;1600.0;3;12950
56.0;37461;1025.0;97;0;1400.0;3;9750
54.0;37000;1025.0;97;1;1400.0;3;10900
55.0;36406;1035.0;110;1;1600.0;4;10995
48.0;36005;1065.0;97;1;1400.0;5;10750
52.0;36000;1075.0;110;1;1600.0;5;10950
49.0;36000;1080.0;110;0;1600.0;5;13000
45.0;36000;1070.0;110;1;1600.0;3;12950
52.0;35823;1075.0;110;0;1600.0;5;11500
56.0;35230;1025.0;97;0;1400.0;3;10950
48.0;35142;1055.0;110;0;1600.0;3;11710
49.0;34890;1025.0;97;0;1400.0;3;9980
51.0;34882;1075.0;110;1;1600.0;5;12250
46.0;34000;1075.0;110;1;1600.0;5;11500
56.0;33998;1080.0;110;0;1600.0;5;11950
55.0;33230;1050.0;110;0;1600.0;3;11500
46.0;33021;1080.0;110;1;1600.0;5;11900
49.0;31999;1030.0;97;0;1400.0;3;11930
52.0;31579;1025.0;97;0;1400.0;3;10500
56.0;31000;1025.0;97;0;1400.0;3;8950
46.0;30806;1060.0;97;1;1400.0;5;10450
55.0;30461;1050.0;86;1;1300.0;5;10500
50.0;29686;1075.0;110;1;1600.0;3;12950
55.0;29650;1025.0;86;0;1300.0;3;9950
52.0;29500;1055.0;110;1;1600.0;3;12900
48.0;28656;1085.0;97;0;1400.0;3;9950
55.0;27500;1025.0;97;1;1400.0;3;9950
48.0;26938;1040.0;110;1;1600.0;3;10950
53.0;26624;1060.0;97;0;1400.0;5;10950
47.0;26221;1025.0;97;1;1400.0;3;9950
50.0;22648;1060.0;97;1;1400.0;5;10950
50.0;22500;1025.0;97;1;1400.0;3;10800
56.0;19313;1025.0;97;0;1400.0;3;10500
50.0;17619;1030.0;110;0;1600.0;4;10450
51.0;17069;1025.0;97;1;1400.0;3;10600
48.0;15000;1025.0;97;1;1400.0;3;10450
50.0;10210;1065.0;97;0;1400.0;5;12950
47.0;5309;1070.0;110;1;1600.0;3;11250
50.0;1;1260.0;90;1;2000.0;3;7500
52.0;31000;1025.0;97;0;1398.0;3;8950
58.0;205000;1100.0;72;1;2000.0;4;6950
68.0;204250;1115.0;72;0;2000.0;3;7900
68.0;194545;1000.0;86;0;1300.0;4;5950
59.0;190900;1115.0;72;1;2000.0;3;7500
62.0;183500;1140.0;72;1;2000.0;5;7500
65.0;176184;1115.0;72;1;2000.0;3;6900
67.0;174833;1100.0;72;0;2000.0;4;5751
68.0;155720;1015.0;86;1;1300.0;3;6950
67.0;155500;1050.0;110;1;1600.0;5;7950
59.0;154783;1120.0;72;1;2000.0;3;7750
64.0;154462;1135.0;72;1;2000.0;5;7950
64.0;150585;1065.0;110;1;1600.0;3;8250
67.0;149000;1135.0;90;1;2000.0;5;6250
62.0;147636;1135.0;72;0;2000.0;5;9500
59.0;144521;1135.0;72;1;2000.0;5;6900
64.0;144000;1065.0;110;1;1600.0;3;8450
65.0;140168;1115.0;72;1;2000.0;3;7350
68.0;140000;1085.0;110;1;1600.0;5;8950
60.0;139800;1115.0;72;0;2000.0;3;6900
59.0;137050;1078.0;110;1;1600.0;3;8950
61.0;136956;1065.0;110;0;1600.0;3;8750
67.0;135337;1120.0;110;1;1600.0;5;7950
64.0;133769;1120.0;72;1;2000.0;3;8950
58.0;133405;1135.0;72;1;2000.0;5;8950
65.0;132807;1135.0;72;1;2000.0;5;8950
64.0;132393;1135.0;72;0;2000.0;5;7950
60.0;130270;1050.0;110;0;1600.0;3;7750
59.0;130000;1135.0;72;1;2000.0;4;7500
67.0;127000;1135.0;72;1;2000.0;5;8950
67.0;126800;1135.0;72;0;2000.0;5;9800
66.0;126452;1085.0;110;1;1600.0;5;9450
62.0;125175;1150.0;116;0;2000.0;5;8950
68.0;125000;1115.0;72;1;2000.0;3;8750
61.0;123000;1135.0;72;0;2000.0;5;10500
59.0;121626;1050.0;86;0;1300.0;5;7995
64.0;120400;1090.0;110;0;1600.0;5;10450
66.0;120000;1100.0;72;0;2000.0;4;9950
68.0;119541;1055.0;110;0;1600.0;3;9950
68.0;119500;1070.0;110;1;1600.0;5;8950
68.0;119289;1035.0;110;1;1600.0;4;7950
57.0;118833;1065.0;110;0;1600.0;3;10950
64.0;118000;1150.0;72;1;2000.0;5;9950
68.0;117955;1065.0;110;1;1600.0;4;8600
65.0;117609;1015.0;86;0;1300.0;3;7250
68.0;117000;1115.0;72;0;2000.0;3;6950
64.0;116000;1045.0;86;0;1300.0;5;8000
58.0;115715;1070.0;110;0;1600.0;5;9950
60.0;115191;1079.0;110;1;1600.0;4;9450
68.0;115071;1055.0;110;1;1600.0;3;7950
63.0;115000;1109.0;110;0;1600.0;3;9450
64.0;114846;1075.0;110;1;1600.0;5;9950
65.0;114383;1260.0;90;0;2000.0;3;6950
59.0;113700;1065.0;110;1;1600.0;5;8250
67.0;113118;1020.0;86;1;1300.0;3;9950
59.0;112827;1040.0;86;1;1300.0;5;8250
68.0;112116;1070.0;110;1;1600.0;5;9950
66.0;112000;1065.0;110;1;1600.0;3;10500
62.0;112000;1135.0;72;0;2000.0;4;7950
65.0;111769;1065.0;110;0;1600.0;3;9750
61.0;110853;1070.0;110;1;1600.0;5;9250
68.0;110287;1050.0;110;1;1600.0;3;9500
62.0;109547;1075.0;110;0;1600.0;5;9950
63.0;109230;1050.0;110;0;1600.0;3;7750
68.0;109150;1075.0;110;0;1600.0;5;9500
67.0;108793;1035.0;110;1;1600.0;4;9950
64.0;106784;1050.0;110;0;1600.0;3;9750
58.0;105942;1040.0;86;0;1300.0;5;9750
59.0;105000;1015.0;86;1;1300.0;3;5950
62.0;105000;1040.0;86;0;1300.0;5;8500
68.0;104299;1085.0;110;1;1600.0;5;8495
67.0;104000;1020.0;86;0;1300.0;3;9250
68.0;104000;1015.0;86;1;1300.0;3;6900
58.0;103458;1025.0;86;1;1300.0;3;8950
63.0;103400;1075.0;110;1;1600.0;5;9500
63.0;102807;1055.0;86;0;1300.0;5;9250
68.0;102494;1090.0;110;0;1600.0;5;9895
57.0;102300;1135.0;72;1;2000.0;5;9950
61.0;102106;1050.0;110;0;1600.0;3;7950
68.0;101889;1075.0;110;1;1600.0;5;8750
57.0;101791;1115.0;72;0;2000.0;3;8250
63.0;101469;1065.0;110;1;1600.0;3;8950
68.0;101001;1075.0;110;0;1600.0;5;8950
61.0;100748;1070.0;110;0;1600.0;5;8950
65.0;100550;1075.0;110;1;1600.0;5;8950
67.0;99781;1085.0;110;1;1600.0;5;9450
59.0;98658;1020.0;86;1;1300.0;3;8950
65.0;98500;1075.0;110;1;1600.0;5;9250
64.0;98291;1000.0;86;0;1300.0;4;8750
61.0;97648;1065.0;110;1;1600.0;3;9950
61.0;97425;1075.0;110;1;1600.0;5;9950
65.0;97173;1015.0;86;0;1300.0;3;9900
66.0;97046;1000.0;86;1;1300.0;4;8950
67.0;96000;1050.0;110;1;1600.0;3;8950
60.0;96000;1100.0;72;0;2000.0;4;12250
67.0;95750;1070.0;110;1;1600.0;5;9250
61.0;95147;1050.0;110;1;1600.0;3;10250
68.0;95000;1050.0;110;0;1600.0;3;8950
65.0;95000;1050.0;110;1;1600.0;3;7999
66.0;94606;1065.0;110;0;1600.0;3;9900
63.0;94504;1000.0;86;1;1300.0;4;8250
65.0;93428;1075.0;110;1;1600.0;5;10500
65.0;93408;1015.0;86;0;1300.0;3;8450
68.0;93296;1090.0;110;1;1600.0;5;9900
62.0;93098;1075.0;110;1;1600.0;5;10500
67.0;92922;1100.0;72;1;2000.0;4;8500
61.0;92498;1050.0;110;1;1600.0;3;9500
65.0;92226;1065.0;110;0;1600.0;3;9450
68.0;91505;1115.0;72;0;2000.0;3;9900
64.0;91333;1050.0;110;1;1600.0;3;8250
65.0;91246;1015.0;86;1;1300.0;3;8750
58.0;91000;1075.0;110;1;1600.0;5;9500
68.0;90727;1050.0;110;0;1600.0;3;8450
62.0;90000;1050.0;110;0;1600.0;3;8490
60.0;89576;1035.0;110;0;1600.0;4;8750
64.0;89145;1025.0;86;1;1300.0;3;9750
63.0;89000;1085.0;110;1;1600.0;5;9950
68.0;88807;1050.0;110;0;1600.0;3;8500
63.0;88685;1070.0;110;0;1600.0;5;8450
62.0;88667;1040.0;110;1;1600.0;4;7900
57.0;88480;1050.0;110;1;1600.0;3;8750
61.0;88127;1015.0;86;0;1300.0;3;7950
62.0;88000;1020.0;86;0;1300.0;3;6900
65.0;87821;1015.0;86;1;1300.0;3;8150
59.0;87654;1065.0;86;1;1300.0;5;10995
59.0;86888;1050.0;110;1;1600.0;3;8900
59.0;86871;1040.0;86;1;1300.0;5;9500
68.0;86714;1035.0;110;1;1600.0;4;8950
65.0;85889;1065.0;110;0;1600.0;3;11500
62.0;85000;1050.0;110;1;1600.0;3;10450
60.0;85000;1025.0;86;1;1300.0;3;10500
68.0;84976;1035.0;110;1;1600.0;4;9250
65.0;84558;1120.0;110;1;1600.0;5;10950
62.0;84549;1075.0;110;0;1600.0;5;10450
68.0;84482;1075.0;110;1;1600.0;5;9250
62.0;83908;1070.0;110;1;1600.0;5;8750
67.0;83560;1015.0;86;0;1300.0;3;8750
68.0;83000;1100.0;107;1;1600.0;5;9800
64.0;82723;1015.0;86;0;1300.0;3;8250
62.0;82421;1065.0;110;1;1600.0;3;10450
58.0;82254;1050.0;110;0;1600.0;5;9750
61.0;82115;1055.0;110;1;1600.0;3;8950
65.0;82000;1015.0;86;1;1300.0;3;7450
68.0;81965;1035.0;86;1;1300.0;5;8450
66.0;81250;1050.0;110;0;1600.0;3;8250
65.0;81192;1065.0;110;1;1600.0;3;10950
61.0;81170;1040.0;110;1;1600.0;4;8950
66.0;81083;1015.0;86;0;1300.0;3;8750
61.0;80714;1075.0;110;1;1600.0;5;10450
57.0;80470;1085.0;110;0;1600.0;5;10950
65.0;80439;1035.0;110;1;1600.0;4;8450
59.0;80430;1065.0;110;1;1600.0;3;9950
68.0;80426;1055.0;110;1;1600.0;3;9950
62.0;80265;1015.0;86;0;1300.0;3;8750
65.0;80153;1070.0;110;0;1600.0;5;9950
68.0;80121;1070.0;110;0;1600.0;5;9500
65.0;80086;1035.0;110;1;1600.0;4;8250
62.0;80000;1075.0;110;0;1600.0;5;10950
60.0;80000;1015.0;86;0;1300.0;5;7950
65.0;80000;1015.0;86;1;1300.0;2;8250
67.0;79858;1040.0;110;1;1600.0;4;9895
67.0;79762;1015.0;86;1;1300.0;3;9130
59.0;79660;1065.0;86;0;1300.0;5;10950
60.0;79150;1075.0;110;1;1600.0;5;10500
61.0;79000;1050.0;110;1;1600.0;3;8900
57.0;78955;1045.0;86;1;1300.0;5;9500
59.0;78750;1155.0;90;1;1975.0;5;10950
68.0;78521;1015.0;86;0;1300.0;3;7950
64.0;78356;1015.0;86;1;1300.0;3;7950
65.0;78076;1015.0;86;1;1300.0;3;7950
61.0;78063;1100.0;107;1;1600.0;5;9500
67.0;77821;1075.0;110;1;1600.0;5;10950
68.0;77695;1035.0;110;1;1600.0;4;9750
65.0;77500;1050.0;110;1;1600.0;3;9750
63.0;77457;1055.0;110;1;1600.0;3;9450
68.0;77029;1015.0;86;1;1300.0;3;8950
68.0;77008;1015.0;86;1;1300.0;3;8950
66.0;76791;1070.0;110;1;1600.0;5;8900
61.0;76700;1035.0;86;1;1300.0;5;9950
67.0;76569;1020.0;86;1;1300.0;3;8750
59.0;76162;1075.0;110;1;1600.0;5;8950
65.0;76155;1035.0;110;1;1600.0;4;8990
61.0;75609;1015.0;86;1;1300.0;3;8950
62.0;75569;1120.0;72;1;2000.0;3;8950
67.0;75429;1065.0;110;1;1600.0;3;9950
68.0;75000;1075.0;110;1;1600.0;5;9900
65.0;75000;1015.0;86;0;1300.0;3;8950
62.0;75000;1070.0;110;1;1600.0;5;8950
66.0;74963;1085.0;107;0;1600.0;3;9500
68.0;74889;1015.0;86;1;1300.0;3;7950
68.0;74875;1070.0;110;0;1600.0;5;7750
63.0;74747;1075.0;110;1;1600.0;5;8950
60.0;74720;1085.0;110;1;1600.0;5;11950
62.0;74457;1075.0;110;0;1600.0;5;8950
60.0;74337;1035.0;86;0;1300.0;5;11950
68.0;74308;1050.0;110;0;1600.0;3;8950
64.0;74193;1050.0;110;0;1600.0;3;9950
65.0;74179;1050.0;110;1;1600.0;3;8250
67.0;73936;1050.0;86;1;1300.0;5;8995
61.0;73894;1065.0;110;1;1600.0;3;9995
64.0;73500;1050.0;110;1;1600.0;3;9250
64.0;73376;1070.0;110;0;1600.0;5;10950
64.0;73300;1015.0;86;1;1300.0;3;8900
58.0;73172;1075.0;110;1;1600.0;5;9500
58.0;72928;1075.0;110;1;1600.0;5;9950
67.0;72880;1015.0;86;1;1332.0;3;7950
63.0;72522;1050.0;110;1;1600.0;3;8250
64.0;72000;1015.0;86;1;1300.0;3;9450
57.0;72000;1015.0;86;0;1300.0;3;7950
59.0;71366;1065.0;110;0;1600.0;3;9500
65.0;71317;1050.0;110;0;1600.0;3;8950
62.0;71000;1070.0;110;0;1600.0;5;10950
60.0;70954;1050.0;110;0;1600.0;3;8950
63.0;70908;1035.0;86;0;1300.0;5;9450
58.0;70560;1050.0;110;1;1600.0;3;8000
67.0;70552;1075.0;110;0;1600.0;5;9900
62.0;70500;1035.0;110;1;1600.0;5;8950
60.0;70453;1135.0;72;0;2000.0;5;10900
59.0;70218;1050.0;110;1;1600.0;3;9450
64.0;70116;1035.0;110;1;1600.0;4;8450
65.0;70068;1075.0;110;1;1600.0;5;9500
67.0;70000;1065.0;107;1;1587.0;3;10500
68.0;70000;1015.0;86;1;1300.0;3;6950
68.0;69103;1035.0;110;0;1600.0;4;9750
58.0;69022;1035.0;86;1;1300.0;5;6950
67.0;69000;1065.0;110;1;1600.0;3;9650
68.0;68865;1065.0;110;1;1600.0;3;9950
58.0;68723;1025.0;86;0;1300.0;3;9250
63.0;68453;1070.0;110;1;1600.0;5;8950
63.0;68238;1050.0;86;0;1300.0;5;9900
63.0;68153;1085.0;110;1;1600.0;5;10995
65.0;68000;1075.0;110;0;1600.0;5;10500
65.0;68000;1015.0;86;1;1300.0;3;8950
67.0;67762;1065.0;110;1;1600.0;3;9750
68.0;67146;1075.0;110;1;1600.0;5;10950
67.0;67110;1035.0;86;1;1300.0;5;9750
59.0;67010;1065.0;110;1;1600.0;3;9950
65.0;67003;1035.0;110;1;1600.0;4;10500
68.0;66785;1045.0;86;0;1300.0;3;10400
68.0;66550;1010.0;86;0;1332.0;3;8800
61.0;66259;1065.0;110;1;1600.0;3;10500
62.0;66082;1070.0;110;0;1600.0;5;9250
65.0;66000;1015.0;86;1;1300.0;3;7800
61.0;66000;1050.0;110;0;1600.0;3;9950
63.0;65896;1065.0;110;1;1600.0;3;10750
67.0;65785;1075.0;110;1;1600.0;5;10950
65.0;65513;1070.0;110;1;1600.0;4;9950
59.0;65463;1070.0;110;1;1600.0;5;9950
68.0;65400;1000.0;86;1;1300.0;4;8100
60.0;65259;1050.0;110;1;1600.0;3;9250
64.0;65000;1050.0;110;1;1600.0;3;7800
68.0;65000;1070.0;110;0;1600.0;5;9000
57.0;65000;1035.0;110;0;1600.0;4;8950
62.0;64966;1020.0;86;0;1300.0;3;8950
68.0;64950;1075.0;110;1;1600.0;5;9950
60.0;64914;1070.0;110;1;1600.0;5;8500
62.0;64797;1075.0;110;1;1600.0;5;7995
65.0;64772;1050.0;110;1;1600.0;3;8750
63.0;64690;1020.0;86;0;1300.0;3;9750
65.0;64630;1070.0;110;0;1600.0;5;10950
67.0;64613;1085.0;110;1;1600.0;5;9750
60.0;64383;1015.0;86;0;1300.0;3;8200
68.0;64000;1075.0;110;0;1600.0;5;8950
66.0;63881;1015.0;86;0;1300.0;3;9500
58.0;63870;1135.0;72;0;2000.0;5;10950
66.0;63328;1065.0;86;0;1300.0;5;9750
65.0;63000;1065.0;86;1;1300.0;5;9950
61.0;63000;1050.0;86;0;1300.0;3;10450
65.0;62396;1050.0;110;0;1600.0;3;9850
62.0;62377;1075.0;110;1;1600.0;5;9450
67.0;62316;1050.0;110;1;1600.0;3;10295
68.0;62292;1065.0;110;1;1600.0;3;9750
65.0;62225;1050.0;110;1;1600.0;3;8950
68.0;62222;1075.0;110;0;1600.0;5;9900
66.0;62135;1035.0;86;1;1300.0;5;8750
58.0;62024;1075.0;110;1;1600.0;5;9950
60.0;61977;1015.0;86;1;1300.0;3;8500
62.0;61930;1035.0;110;1;1600.0;4;9950
57.0;61682;1050.0;110;0;1600.0;3;10950
68.0;61568;1035.0;110;1;1600.0;4;9795
68.0;61504;1035.0;110;1;1600.0;4;8750
65.0;61384;1050.0;110;1;1600.0;3;8250
58.0;61343;1075.0;110;1;1600.0;5;9950
62.0;61254;1075.0;110;0;1600.0;5;9950
59.0;61166;1050.0;110;1;1600.0;3;10500
62.0;61149;1040.0;86;1;1300.0;5;9750
61.0;61144;1090.0;110;1;1600.0;5;11250
59.0;61127;1050.0;110;1;1600.0;3;8900
60.0;61100;1015.0;86;1;1300.0;3;7950
68.0;61100;1075.0;110;1;1600.0;5;11500
57.0;61000;1050.0;110;1;1600.0;3;9450
65.0;60724;1015.0;86;1;1300.0;3;7995
59.0;60708;1045.0;86;1;1300.0;5;10995
61.0;60532;1050.0;110;1;1600.0;3;8950
67.0;60000;1030.0;86;0;1300.0;4;8250
66.0;60000;1015.0;86;1;1300.0;3;8950
65.0;60000;1015.0;86;1;1300.0;3;8950
62.0;59295;1035.0;86;0;1300.0;5;9500
65.0;59264;1015.0;86;0;1300.0;3;7500
63.0;59000;1050.0;110;0;1600.0;3;8950
63.0;59000;1035.0;86;1;1300.0;5;9950
65.0;59000;1075.0;110;0;1600.0;5;9750
61.0;59000;1070.0;110;1;1600.0;5;9450
65.0;59000;1050.0;110;0;1600.0;3;9950
68.0;58860;1055.0;110;1;1600.0;3;9750
65.0;58829;1050.0;110;0;1600.0;3;8950
66.0;58654;1070.0;110;1;1600.0;5;8250
65.0;58300;1015.0;86;1;1300.0;3;7750
60.0;58269;1050.0;110;1;1600.0;3;8950
64.0;58136;1075.0;110;1;1600.0;5;9950
66.0;58113;1085.0;107;1;1600.0;3;9450
67.0;58058;1065.0;110;1;1600.0;3;12950
58.0;58000;1050.0;110;1;1600.0;3;9950
62.0;58000;1065.0;110;1;1600.0;3;10495
68.0;57565;1035.0;86;1;1300.0;5;7950
63.0;57413;1115.0;107;0;1600.0;5;10500
65.0;57374;1075.0;110;1;1600.0;5;8950
62.0;57179;1075.0;110;1;1600.0;5;9900
61.0;57169;1065.0;110;1;1600.0;3;9995
63.0;57124;1065.0;110;1;1600.0;3;9950
63.0;57000;1050.0;110;1;1600.0;3;9950
67.0;57000;1050.0;110;0;1600.0;3;8250
63.0;57000;1035.0;86;1;1300.0;5;9950
59.0;56259;1015.0;86;0;1300.0;3;8950
62.0;56209;1080.0;107;1;1600.0;3;10950
67.0;56074;1000.0;86;0;1300.0;4;9250
63.0;55942;1070.0;110;1;1600.0;5;9950
57.0;55844;1045.0;86;1;1300.0;5;9995
61.0;55747;1020.0;86;0;1300.0;3;8750
58.0;55478;1045.0;86;0;1300.0;5;10950
60.0;55085;1105.0;107;0;1600.0;5;10350
65.0;55061;1070.0;110;1;1600.0;5;9950
65.0;55000;1015.0;86;1;1300.0;3;8950
57.0;55000;1075.0;110;0;1600.0;5;10950
63.0;54936;1075.0;110;1;1600.0;5;10950
68.0;54875;1070.0;110;1;1600.0;5;8950
67.0;54847;1050.0;110;0;1600.0;3;8900
60.0;54554;1065.0;110;1;1600.0;3;10250
61.0;54125;1035.0;110;1;1600.0;5;9450
61.0;54000;1055.0;110;1;1600.0;3;9250
57.0;54000;1075.0;110;1;1600.0;5;10500
58.0;54000;1035.0;86;0;1300.0;5;7350
57.0;54000;1135.0;110;1;1600.0;3;10250
62.0;53285;1075.0;110;1;1600.0;5;10250
65.0;53053;1075.0;110;1;1600.0;5;11500
68.0;53000;1075.0;110;1;1587.0;3;8950
68.0;53000;1015.0;86;0;1300.0;3;7750
64.0;52968;1050.0;110;1;1600.0;3;9500
67.0;52800;1015.0;86;1;1300.0;3;8450
57.0;52548;1050.0;110;0;1600.0;3;8950
60.0;52487;1035.0;110;1;1600.0;4;8400
66.0;52383;1015.0;86;0;1300.0;3;9250
61.0;52112;1035.0;110;1;1600.0;4;8900
58.0;51712;1050.0;110;0;1600.0;3;8750
58.0;51421;1105.0;110;0;1600.0;5;10950
61.0;51235;1000.0;86;1;1300.0;4;8950
65.0;51000;1015.0;86;1;1300.0;3;8950
61.0;50925;1070.0;110;1;1600.0;5;8895
66.0;50806;1320.0;86;0;1300.0;3;9390
59.0;50469;1070.0;110;1;1600.0;5;8750
61.0;50173;1075.0;110;1;1600.0;5;9750
62.0;50000;1075.0;110;1;1600.0;5;9950
65.0;49942;1065.0;110;0;1600.0;3;10950
67.0;49585;1085.0;110;0;1600.0;5;9900
62.0;49258;1035.0;110;1;1600.0;4;9500
61.0;49000;1050.0;110;0;1600.0;3;9950
63.0;48738;1055.0;110;0;1600.0;5;9950
62.0;47750;1040.0;86;1;1300.0;5;10500
63.0;47612;1015.0;86;0;1300.0;3;9950
68.0;47500;1035.0;86;1;1300.0;5;10495
66.0;47237;1050.0;110;0;1600.0;3;9500
58.0;47171;1015.0;86;1;1300.0;3;8500
60.0;47060;1035.0;110;0;1600.0;4;10450
65.0;47014;1015.0;86;1;1300.0;3;8950
59.0;46929;1025.0;86;1;1300.0;3;9900
63.0;46000;1035.0;86;0;1300.0;5;8900
65.0;45681;1050.0;110;0;1600.0;3;8745
65.0;45549;1015.0;86;1;1300.0;3;8750
57.0;45000;1050.0;110;1;1600.0;5;10750
57.0;45000;1050.0;110;1;1600.0;3;9750
65.0;45000;1075.0;110;0;1600.0;5;8850
66.0;45000;1035.0;86;1;1300.0;5;7950
63.0;45000;1035.0;110;1;1600.0;4;9450
61.0;45000;1085.0;107;0;1600.0;3;9950
63.0;44944;1035.0;110;1;1600.0;4;8250
61.0;44597;1015.0;86;0;1300.0;3;9950
68.0;44458;1015.0;86;0;1300.0;3;9995
59.0;43818;1070.0;110;0;1600.0;5;9950
60.0;43426;1070.0;110;1;1600.0;5;10495
58.0;43000;1114.0;110;1;1600.0;4;7950
68.0;43000;1035.0;110;1;1600.0;5;8950
57.0;43000;1075.0;110;0;1600.0;5;9695
64.0;43000;1015.0;86;0;1300.0;3;7750
68.0;42750;1050.0;110;1;1600.0;3;9950
67.0;42102;1075.0;110;1;1600.0;5;9950
63.0;41586;1114.0;110;1;1600.0;5;9950
64.0;41200;1070.0;110;0;1600.0;5;9900
57.0;40214;1025.0;86;0;1300.0;3;10950
60.0;40000;1000.0;86;1;1300.0;4;8950
66.0;39222;1045.0;86;1;1300.0;3;8950
66.0;39144;1050.0;110;1;1600.0;3;8250
62.0;39000;1075.0;110;1;1600.0;5;10250
61.0;38019;1070.0;110;1;1600.0;5;8750
68.0;37759;1070.0;110;1;1600.0;5;9750
61.0;37500;1085.0;110;0;1600.0;5;10950
60.0;37111;1050.0;110;1;1600.0;3;10950
62.0;37000;1015.0;86;0;1300.0;3;9750
59.0;36954;1050.0;110;1;1600.0;3;8900
60.0;36943;1070.0;110;0;1600.0;5;9500
63.0;36923;1050.0;86;0;1300.0;5;9950
66.0;36658;1050.0;110;0;1600.0;3;9950
65.0;36000;1015.0;86;1;1300.0;3;8250
65.0;36000;1065.0;110;1;1600.0;3;10450
62.0;35512;1065.0;110;1;1600.0;3;10950
65.0;35283;1015.0;86;1;1300.0;3;9250
68.0;35000;1050.0;110;1;1600.0;3;8900
57.0;35000;1045.0;86;1;1300.0;5;10900
64.0;34114;1050.0;110;0;1600.0;3;9750
58.0;34000;1075.0;110;0;1600.0;5;11950
68.0;33847;1000.0;86;1;1300.0;4;7900
57.0;33535;1035.0;110;0;1600.0;4;10900
65.0;33000;1050.0;110;0;1600.0;3;10450
59.0;32150;1085.0;110;1;1600.0;5;10950
65.0;31588;1015.0;86;1;1300.0;3;9950
60.0;31480;1065.0;110;1;1600.0;3;10750
57.0;31307;1070.0;110;1;1600.0;5;9900
68.0;31000;1035.0;110;1;1600.0;4;10750
58.0;30634;1075.0;110;1;1600.0;5;10450
68.0;30300;1000.0;86;1;1300.0;4;9450
60.0;28500;1045.0;86;1;1300.0;3;10750
60.0;28500;1075.0;110;0;1600.0;5;10950
57.0;28000;1015.0;86;0;1300.0;3;10000
68.0;26698;1055.0;110;0;1600.0;3;10500
62.0;26000;1085.0;107;0;1600.0;3;12500
62.0;25505;1035.0;86;1;1300.0;5;8950
58.0;25000;1075.0;110;1;1600.0;5;10500
66.0;22835;1050.0;110;1;1600.0;3;9245
59.0;22705;1075.0;110;1;1600.0;5;10950
63.0;22178;1015.0;86;1;1300.0;3;9500
62.0;17345;1050.0;110;1;1600.0;3;10900
67.0;15535;1030.0;86;1;1300.0;4;10950
66.0;15110;1035.0;86;0;1300.0;5;9450
73.0;232940;1172.0;72;0;2000.0;5;5900
79.0;218118;1150.0;72;0;2000.0;5;6950
78.0;217764;1135.0;72;1;2000.0;5;6000
79.0;207114;1114.0;110;1;1600.0;5;5250
74.0;203254;1135.0;72;1;2000.0;3;4400
77.0;200732;1100.0;72;1;2000.0;4;6750
69.0;197501;1135.0;72;0;2000.0;5;8500
80.0;194765;1120.0;72;0;2000.0;3;6150
76.0;191620;1150.0;72;0;2000.0;5;6950
76.0;183277;1115.0;72;0;2000.0;3;5750
78.0;180378;1100.0;72;1;2000.0;4;8750
70.0;178800;1115.0;72;0;2000.0;3;6500
73.0;176177;1075.0;110;1;1600.0;5;5950
78.0;176000;1035.0;86;0;1300.0;5;6500
77.0;172980;1135.0;72;1;2000.0;5;10500
77.0;170000;1100.0;72;0;2000.0;4;8500
71.0;164000;1050.0;110;1;1600.0;3;7950
78.0;161775;1015.0;86;1;1300.0;3;5800
80.0;160000;1015.0;86;0;1300.0;3;6750
78.0;159968;1115.0;72;0;2000.0;3;6950
74.0;159908;1050.0;110;0;1600.0;3;5740
73.0;158492;1015.0;86;0;1300.0;3;6550
69.0;156204;1115.0;72;1;2000.0;3;8950
73.0;156169;1035.0;86;1;1300.0;5;6750
78.0;155210;1050.0;110;0;1600.0;3;7950
69.0;155000;1115.0;72;0;2000.0;3;7950
76.0;154900;1140.0;72;1;2000.0;5;7450
70.0;151300;1150.0;72;1;2000.0;5;7750
71.0;151000;1094.0;110;1;1600.0;5;6450
75.0;150000;1135.0;72;1;2000.0;3;7900
69.0;146304;1115.0;72;1;2000.0;3;6900
75.0;146197;1015.0;86;0;1300.0;3;5600
77.0;145996;1035.0;110;0;1600.0;4;5950
80.0;143560;1045.0;86;1;1300.0;3;6950
71.0;139145;1115.0;73;0;2000.0;2;7950
79.0;138500;1050.0;86;0;1300.0;5;8950
74.0;137741;1135.0;90;1;2000.0;5;7950
80.0;137178;1135.0;90;1;2000.0;5;9500
76.0;134889;1115.0;72;1;2000.0;3;8600
71.0;134660;1135.0;72;0;2000.0;5;5950
73.0;134539;1070.0;110;0;1600.0;5;7750
79.0;131500;1140.0;72;0;2000.0;5;7950
77.0;131307;1050.0;110;1;1600.0;3;6950
74.0;130025;1050.0;110;1;1600.0;3;7250
78.0;130000;1015.0;86;0;1300.0;5;6500
77.0;128960;1070.0;110;1;1600.0;5;7250
80.0;128351;1070.0;110;1;1600.0;5;9250
73.0;128006;1050.0;110;1;1600.0;3;8250
71.0;127159;1115.0;72;1;2000.0;3;7250
72.0;126478;1035.0;110;1;1600.0;4;5250
77.0;126000;1050.0;110;1;1600.0;5;7900
76.0;125778;1050.0;110;0;1600.0;3;6900
75.0;125400;1050.0;110;0;1600.0;3;7900
74.0;124910;1135.0;72;0;2000.0;5;7250
70.0;124743;1050.0;110;1;1600.0;3;8450
76.0;124591;1075.0;110;1;1600.0;5;7950
74.0;124057;1050.0;110;1;1600.0;3;7950
72.0;123403;1050.0;110;1;1600.0;3;6450
75.0;123104;1070.0;110;1;1600.0;5;6650
74.0;123077;1015.0;86;1;1300.0;3;7950
80.0;122820;1040.0;86;0;1300.0;5;7250
77.0;122290;1050.0;110;0;1600.0;3;7450
74.0;121900;1035.0;110;1;1600.0;4;7950
77.0;121545;1070.0;110;1;1600.0;5;7250
71.0;120474;1115.0;72;1;2000.0;3;8250
76.0;120263;1135.0;72;1;2000.0;5;8950
74.0;120196;1050.0;110;1;1600.0;3;7750
71.0;120000;1085.0;110;0;1600.0;5;8500
78.0;120000;1075.0;110;0;1600.0;5;7750
73.0;115877;1035.0;110;0;1600.0;4;5750
76.0;115345;1070.0;110;1;1600.0;5;6900
71.0;115157;1050.0;110;1;1600.0;3;6500
78.0;115000;1100.0;107;1;1600.0;5;6500
77.0;114258;1050.0;86;1;1300.0;5;7600
73.0;112963;1135.0;72;1;2000.0;5;8950
74.0;112307;1070.0;110;1;1600.0;5;7450
72.0;112000;1015.0;86;1;1300.0;3;7350
73.0;111602;1015.0;86;1;1300.0;3;7750
80.0;111392;1083.0;110;0;1598.0;3;7460
76.0;110901;1085.0;110;1;1600.0;5;9250
80.0;110887;1055.0;110;1;1600.0;3;7250
72.0;110634;1015.0;86;1;1300.0;3;6500
80.0;110000;1035.0;110;1;1600.0;4;6800
75.0;109540;1085.0;110;0;1600.0;5;8700
78.0;109263;1070.0;110;0;1600.0;5;7500
71.0;107516;1050.0;110;1;1600.0;3;7750
73.0;107108;1050.0;110;1;1600.0;3;7950
75.0;107000;1050.0;110;1;1600.0;3;9950
74.0;106250;1070.0;110;0;1600.0;5;6640
71.0;106150;1015.0;86;0;1300.0;3;8750
72.0;106108;1050.0;110;1;1600.0;3;7750
72.0;105856;1015.0;86;0;1300.0;3;5950
77.0;105152;1015.0;86;0;1300.0;3;6750
80.0;105135;1050.0;110;1;1600.0;3;6500
76.0;104344;1050.0;110;1;1600.0;3;8750
74.0;104150;1050.0;110;1;1600.0;3;7950
74.0;104000;1010.0;86;1;1300.0;3;6750
73.0;103121;1035.0;86;1;1300.0;5;7950
80.0;102300;1015.0;86;1;1300.0;3;7950
75.0;102005;1105.0;107;1;1600.0;5;8950
77.0;102000;1015.0;86;1;1300.0;3;7750
75.0;101855;1070.0;110;1;1600.0;5;6450
74.0;101773;1050.0;110;0;1600.0;3;6900
75.0;101159;1085.0;110;1;1600.0;5;8450
74.0;101000;1015.0;86;0;1300.0;3;6750
74.0;100732;1030.0;86;1;1300.0;4;8050
79.0;100719;1070.0;110;0;1600.0;5;9500
78.0;100487;1035.0;110;0;1600.0;4;7750
80.0;100458;1085.0;110;0;1600.0;5;8500
75.0;100192;1050.0;110;1;1600.0;3;7795
80.0;100123;1050.0;110;1;1600.0;3;6490
73.0;99971;1050.0;110;1;1600.0;3;7950
79.0;99397;1035.0;86;0;1300.0;5;6425
69.0;99374;1035.0;86;1;1300.0;5;8950
72.0;99245;1114.0;110;1;1600.0;5;6950
79.0;98742;1085.0;110;0;1600.0;5;8750
71.0;98154;1050.0;110;1;1600.0;3;8450
77.0;98000;1065.0;110;1;1600.0;5;7950
80.0;97548;1035.0;86;0;1300.0;5;7950
78.0;97534;1070.0;110;1;1600.0;5;8900
73.0;97494;1085.0;110;1;1600.0;5;8950
73.0;97085;1085.0;110;1;1600.0;5;8900
69.0;97000;1035.0;110;0;1600.0;4;7950
74.0;96302;1015.0;86;1;1300.0;3;6495
78.0;96000;1015.0;86;1;1300.0;3;7250
74.0;96000;1085.0;110;1;1600.0;5;9250
78.0;95909;1070.0;110;1;1600.0;5;6650
79.0;95700;1085.0;110;0;1600.0;5;6990
78.0;95651;1070.0;110;1;1600.0;5;7750
79.0;95000;1035.0;86;1;1300.0;5;6950
80.0;94447;1050.0;110;0;1600.0;3;7250
80.0;94079;1085.0;110;1;1600.0;5;9950
80.0;93841;1070.0;110;0;1600.0;5;9250
79.0;93090;1035.0;86;1;1300.0;5;7200
72.0;93066;1075.0;110;1;1600.0;5;8250
79.0;93039;1050.0;110;1;1600.0;3;8950
77.0;93000;1075.0;110;1;1600.0;5;8250
80.0;92830;1015.0;86;1;1300.0;3;6250
80.0;92255;1105.0;107;0;1600.0;5;9900
80.0;92096;1035.0;86;1;1300.0;5;7300
72.0;91921;1020.0;86;1;1300.0;3;8950
70.0;91900;1015.0;86;1;1300.0;3;6500
78.0;91399;1070.0;110;1;1600.0;5;7950
75.0;91082;1050.0;110;1;1600.0;3;7450
71.0;90370;1035.0;86;1;1300.0;5;7950
78.0;90345;1035.0;86;1;1300.0;5;8500
77.0;90305;1015.0;86;1;1300.0;3;6950
78.0;90011;1045.0;86;0;1300.0;3;7950
77.0;90000;1015.0;86;1;1300.0;3;6750
70.0;89983;1055.0;110;0;1600.0;3;8450
78.0;89953;1114.0;110;0;1600.0;5;7500
74.0;89800;1115.0;72;1;2000.0;3;8750
79.0;89739;1035.0;86;1;1300.0;5;8750
76.0;89520;1050.0;110;1;1600.0;3;8950
75.0;89507;1015.0;86;0;1300.0;3;7450
69.0;89096;1085.0;110;1;1600.0;5;9200
74.0;88700;1050.0;110;1;1600.0;3;8950
72.0;88500;1075.0;110;1;1600.0;5;7850
73.0;88186;1115.0;72;1;2000.0;3;6950
75.0;88000;1050.0;110;1;1600.0;3;7200
78.0;87743;1055.0;110;0;1600.0;3;7450
75.0;87613;1015.0;86;0;1300.0;3;6750
73.0;87358;1050.0;110;1;1600.0;3;7500
72.0;87083;1035.0;110;0;1600.0;4;7450
70.0;87000;1035.0;110;1;1600.0;4;7950
78.0;87000;1035.0;110;1;1600.0;4;7250
73.0;87000;1015.0;86;1;1300.0;3;7950
80.0;87000;1015.0;86;1;1300.0;3;8250
72.0;86860;1075.0;110;0;1600.0;5;8250
80.0;86109;1055.0;110;1;1600.0;3;6750
79.0;86000;1040.0;86;1;1300.0;5;8750
80.0;86000;1050.0;110;0;1600.0;3;8950
70.0;85864;1135.0;72;1;2000.0;5;8500
80.0;85565;1070.0;110;0;1600.0;5;8250
70.0;85470;1080.0;107;0;1600.0;3;9450
73.0;85200;1050.0;110;1;1600.0;3;7950
70.0;85000;1055.0;110;1;1600.0;3;7900
73.0;84988;1050.0;110;1;1600.0;3;8500
79.0;84966;1070.0;110;0;1600.0;5;8250
76.0;84472;1070.0;110;1;1600.0;5;8250
73.0;84402;1035.0;110;1;1600.0;4;8950
74.0;84123;1050.0;110;0;1600.0;3;7950
80.0;84000;1075.0;110;0;1600.0;5;6950
78.0;84000;1065.0;110;1;1600.0;5;7250
77.0;84000;1085.0;110;1;1600.0;5;7750
75.0;83850;1055.0;110;1;1600.0;3;8700
80.0;83540;1070.0;110;1;1600.0;5;8950
76.0;83405;1070.0;110;1;1600.0;5;6750
71.0;83291;1070.0;110;1;1600.0;5;7500
69.0;83133;1015.0;86;0;1300.0;3;7950
71.0;83047;1045.0;86;1;1300.0;3;8950
71.0;82700;1050.0;110;0;1600.0;3;7950
78.0;82675;1015.0;86;0;1300.0;3;7450
78.0;82595;1015.0;86;1;1300.0;3;5950
75.0;82256;1050.0;110;1;1600.0;3;7750
77.0;82103;1015.0;86;1;1300.0;3;6950
80.0;82021;1035.0;86;1;1300.0;5;8750
71.0;82000;1075.0;110;1;1600.0;5;8950
79.0;81988;1070.0;110;1;1600.0;5;7495
76.0;81930;1070.0;110;0;1600.0;5;7750
70.0;81663;1050.0;110;0;1600.0;3;6950
77.0;80486;1070.0;110;1;1600.0;5;7990
78.0;80000;1065.0;110;1;1600.0;4;7250
69.0;79000;1015.0;86;0;1300.0;3;6900
74.0;78894;1070.0;110;0;1600.0;5;7750
78.0;78689;1035.0;110;0;1600.0;4;7250
77.0;78435;1015.0;86;0;1300.0;3;8950
71.0;78260;1050.0;110;0;1600.0;3;8500
72.0;78120;1075.0;110;1;1600.0;5;7950
77.0;77000;1015.0;86;0;1300.0;3;6950
78.0;77000;1050.0;110;0;1600.0;3;8000
75.0;76382;1055.0;110;1;1600.0;3;7950
76.0;76268;1015.0;86;1;1300.0;3;8500
73.0;76151;1015.0;86;1;1300.0;3;7490
80.0;76000;1050.0;110;0;1600.0;3;8250
71.0;76000;1070.0;110;1;1600.0;5;9250
72.0;75840;1035.0;86;0;1300.0;5;7950
77.0;75799;1050.0;110;1;1600.0;3;9500
72.0;75525;1114.0;110;1;1600.0;3;8950
78.0;75323;1050.0;86;1;1300.0;5;8450
79.0;75322;1115.0;110;1;1600.0;4;7995
78.0;75226;1035.0;110;0;1600.0;4;8750
71.0;75085;1035.0;86;0;1300.0;5;5950
73.0;75000;1075.0;110;0;1600.0;5;8500
69.0;75000;1000.0;86;1;1300.0;4;8950
69.0;75000;1000.0;86;1;1300.0;4;8750
78.0;74926;1075.0;110;1;1600.0;5;7600
80.0;74785;1070.0;110;1;1600.0;5;7145
69.0;74573;1085.0;110;1;1600.0;5;8450
75.0;74567;1015.0;86;1;1300.0;3;5950
80.0;74196;1075.0;110;0;1600.0;5;9000
80.0;74151;1050.0;110;1;1600.0;3;7250
75.0;74096;1050.0;110;1;1600.0;3;7400
79.0;74093;1075.0;110;1;1600.0;5;8800
71.0;74000;1050.0;110;0;1600.0;3;7750
75.0;74000;1015.0;86;1;1300.0;3;7500
78.0;73638;1015.0;86;1;1300.0;4;8450
75.0;73460;1070.0;110;1;1600.0;5;7400
80.0;73200;1070.0;110;1;1600.0;5;7500
76.0;73116;1075.0;110;1;1600.0;5;8950
70.0;73014;1075.0;110;1;1600.0;5;8950
77.0;72703;1050.0;110;1;1600.0;3;7950
79.0;72328;1075.0;110;1;1600.0;5;7950
78.0;72222;1070.0;110;1;1600.0;5;7950
71.0;72128;1100.0;107;1;1600.0;5;8950
78.0;72090;1070.0;110;1;1600.0;5;7750
78.0;72000;1035.0;110;1;1600.0;4;8250
78.0;72000;1055.0;110;0;1600.0;3;7950
77.0;71900;1015.0;86;1;1300.0;3;7750
77.0;71825;1075.0;110;0;1600.0;5;8500
80.0;71740;1070.0;110;1;1600.0;5;6950
80.0;71500;1035.0;110;1;1600.0;4;7500
79.0;71359;1050.0;110;1;1600.0;3;7750
79.0;71263;1015.0;86;0;1300.0;3;5950
78.0;71186;1050.0;110;0;1600.0;3;7500
72.0;71054;1045.0;86;0;1300.0;3;8950
76.0;71000;1050.0;110;1;1600.0;3;7950
80.0;70939;1100.0;110;1;1600.0;5;6900
77.0;70932;1050.0;110;1;1600.0;3;7450
80.0;70597;1080.0;107;1;1600.0;3;8500
73.0;70482;1075.0;110;1;1600.0;5;7500
77.0;70124;1050.0;110;1;1600.0;3;8750
76.0;70039;1050.0;110;1;1600.0;3;7500
80.0;69904;1070.0;110;0;1600.0;5;9950
75.0;69388;1010.0;86;0;1300.0;3;7950
75.0;69320;1070.0;110;1;1600.0;5;9950
78.0;69000;1075.0;110;1;1600.0;5;9250
73.0;68988;1035.0;86;1;1300.0;5;9250
79.0;68945;1085.0;110;1;1600.0;5;9950
74.0;68285;1050.0;110;1;1600.0;3;5950
76.0;68000;1075.0;110;1;1600.0;5;7995
70.0;68000;1045.0;86;1;1300.0;3;8950
75.0;67451;1000.0;86;1;1300.0;4;7450
76.0;67266;1035.0;86;1;1300.0;5;8250
78.0;67255;1085.0;110;0;1600.0;5;8500
70.0;67100;1075.0;110;1;1600.0;5;8500
69.0;67092;1115.0;72;1;2000.0;3;9400
80.0;66880;1055.0;110;1;1600.0;3;7250
79.0;66855;1075.0;110;1;1600.0;5;8950
80.0;66843;1075.0;110;1;1600.0;5;9450
74.0;66718;1050.0;110;1;1600.0;3;8500
80.0;66168;1015.0;86;1;1300.0;3;6750
80.0;65950;1070.0;110;0;1600.0;5;7400
78.0;65500;1015.0;86;1;1300.0;3;8950
80.0;65307;1055.0;110;1;1600.0;3;6900
79.0;65254;1015.0;86;1;1300.0;3;7750
71.0;65021;1115.0;72;1;2000.0;3;8950
75.0;65006;1015.0;86;1;1300.0;3;6950
77.0;64280;1035.0;110;0;1600.0;4;8495
75.0;64000;1085.0;107;0;1600.0;3;10000
71.0;64000;1070.0;110;1;1600.0;5;6999
80.0;64000;1055.0;110;0;1600.0;3;8950
79.0;63918;1035.0;110;0;1600.0;4;8500
75.0;63634;1035.0;110;1;1600.0;4;8750
80.0;63500;1050.0;110;1;1600.0;3;7499
80.0;63266;1035.0;110;1;1600.0;4;9000
77.0;62595;1050.0;110;1;1600.0;3;8950
80.0;62581;1075.0;110;0;1600.0;5;6950
77.0;62285;1075.0;110;1;1600.0;5;8500
77.0;61906;1065.0;86;1;1300.0;5;8450
74.0;61700;1070.0;110;0;1600.0;5;8950
77.0;61648;1070.0;110;1;1600.0;5;8250
75.0;61626;1035.0;86;0;1300.0;5;7950
70.0;61510;1035.0;110;0;1600.0;4;7450
79.0;61165;1080.0;107;1;1600.0;3;9000
70.0;61000;1035.0;110;1;1600.0;4;7150
76.0;60833;1035.0;110;1;1600.0;4;7750
70.0;60600;1060.0;86;0;1300.0;3;5845
72.0;60483;1075.0;110;1;1600.0;5;8500
80.0;60476;1114.0;110;1;1600.0;5;8250
79.0;60142;1050.0;110;0;1600.0;3;9450
69.0;60050;1050.0;110;1;1600.0;3;6750
77.0;60000;1050.0;110;1;1600.0;3;8400
76.0;60000;1050.0;110;0;1600.0;3;7900
76.0;59815;1055.0;110;1;1587.0;3;7950
80.0;59326;1085.0;110;1;1600.0;5;8750
73.0;59240;1050.0;110;1;1600.0;3;9900
71.0;59164;1035.0;110;0;1600.0;4;6495
70.0;59017;1080.0;107;1;1600.0;3;8250
69.0;58952;1050.0;110;1;1600.0;3;6900
74.0;58454;1015.0;86;1;1300.0;3;7500
75.0;58341;1030.0;86;1;1300.0;4;7950
80.0;58267;1070.0;110;1;1600.0;5;8250
80.0;58000;1055.0;110;0;1600.0;3;8950
70.0;57829;1050.0;110;0;1600.0;3;9750
80.0;57787;1015.0;86;0;1300.0;3;8250
78.0;57628;1075.0;110;0;1600.0;5;8900
75.0;57537;1050.0;86;1;1300.0;5;8950
76.0;57263;1050.0;110;1;1600.0;3;6750
75.0;57144;1070.0;110;1;1600.0;5;7950
69.0;57096;1025.0;86;1;1300.0;3;8600
80.0;57000;1000.0;86;0;1300.0;4;7750
73.0;56566;1050.0;110;1;1600.0;3;7800
73.0;56307;1050.0;110;1;1600.0;3;8750
79.0;56214;1015.0;86;0;1300.0;3;9500
74.0;56132;1035.0;110;0;1600.0;4;7750
79.0;55425;1075.0;110;0;1600.0;5;9950
77.0;54439;1015.0;86;1;1300.0;3;7750
69.0;53809;1050.0;110;1;1600.0;3;5950
76.0;53133;1070.0;110;1;1600.0;5;10950
77.0;52900;1075.0;110;1;1600.0;4;9450
80.0;52700;1050.0;110;0;1600.0;3;8250
69.0;52320;1070.0;110;0;1600.0;5;9750
78.0;52287;1114.0;110;0;1600.0;5;7450
75.0;52000;1075.0;110;0;1600.0;5;8750
69.0;52000;1050.0;110;1;1600.0;3;8750
73.0;52000;1065.0;110;1;1600.0;4;8500
70.0;51874;1000.0;86;0;1300.0;4;8950
79.0;49827;1035.0;86;1;1600.0;5;7500
69.0;49640;1035.0;110;1;1600.0;4;7250
80.0;49580;1035.0;110;1;1600.0;4;7450
76.0;49170;1045.0;86;0;1300.0;3;8750
77.0;48838;1070.0;110;0;1600.0;3;9800
71.0;48576;1015.0;86;1;1300.0;3;7500
75.0;48400;1075.0;110;1;1600.0;5;8950
74.0;48242;1035.0;86;1;1300.0;5;8950
70.0;47955;1070.0;110;1;1600.0;5;7450
71.0;47633;1075.0;110;1;1600.0;5;8950
78.0;47400;1040.0;86;1;1300.0;5;10500
73.0;47360;1010.0;86;0;1300.0;3;7000
77.0;45507;1050.0;110;1;1600.0;3;8500
76.0;45410;1035.0;86;1;1300.0;5;7750
70.0;44850;1050.0;110;1;1600.0;3;8950
69.0;44826;1075.0;110;0;1600.0;5;8250
80.0;44444;1070.0;110;1;1600.0;3;9250
75.0;43720;1070.0;110;1;1600.0;5;7900
78.0;43622;1000.0;86;1;1300.0;4;8500
76.0;43532;1070.0;110;0;1600.0;5;7950
69.0;42800;1050.0;110;1;1600.0;3;9950
74.0;42317;1100.0;107;1;1600.0;5;8750
80.0;42186;1050.0;110;1;1600.0;3;7500
72.0;42000;1050.0;110;1;1600.0;3;6950
79.0;40093;1114.0;110;0;1600.0;5;8950
79.0;39800;1080.0;107;0;1600.0;3;8750
73.0;39168;1015.0;86;0;1300.0;3;7750
75.0;38945;1050.0;110;1;1600.0;3;8450
76.0;36537;1075.0;110;0;1600.0;4;8150
78.0;36000;1045.0;86;0;1300.0;3;8500
78.0;36000;1050.0;110;1;1600.0;3;7600
80.0;35821;1015.0;86;0;1300.0;3;7950
73.0;34717;1015.0;86;0;1300.0;3;7750
80.0;34000;1000.0;86;1;1300.0;4;7950
78.0;30964;1080.0;110;0;1600.0;3;9950
71.0;29000;1045.0;86;1;1300.0;3;8950
72.0;26000;1015.0;86;0;1300.0;3;8450
78.0;24000;1065.0;86;1;1300.0;5;8950
80.0;23000;1015.0;86;0;1300.0;3;8450
69.0;20544;1025.0;86;1;1300.0;3;7500
72.0;19000;1015.0;86;0;1300.0;3;10845
71.0;17016;1015.0;86;0;1300.0;3;8500
70.0;16916;1015.0;86;1;1300.0;3;7250
76.0;1;1114.0;110;0;1600.0;5;6950
